{
  "biomes": [
    [
      {
        "type": "BIOME_DICT",
        "negate": false,
        "value": "overworld"
      },
      {
        "type": "BIOME_DICT",
        "negate": false,
        "value": "swamp"
      },
      {
        "type": "REGISTRY_NAME",
        "negate": true,
        "value": "biomesoplenty:tundra_bog"
      },
      {
        "type": "BIOME_DICT",
        "negate": true,
        "value": "cold"
      }
    ],
    [
      {
        "type": "BIOME_DICT",
        "negate": false,
        "value": "overworld"
      },
      {
        "type": "BIOME_DICT",
        "negate": false,
        "value": "river"
      },
      {
        "type": "BIOME_DICT",
        "negate": true,
        "value": "cold"
      }
    ],
    [
      {
        "type": "REGISTRY_NAME",
        "negate": false,
        "value": "biomesoplenty:tropic_beach"
      }
    ],
    [
      {
        "type": "REGISTRY_NAME",
        "negate": false,
        "value": "atum:oasis"
      }
    ]
  ]
}