{
  "biomes": [
    [
      {
        "type": "BIOME_DICT",
        "negate": false,
        "value": "overworld"
      },
      {
        "type": "BIOME_DICT",
        "negate": false,
        "value": "snowy"
      },
      {
        "type": "BIOME_DICT",
        "negate": false,
        "value": "wasteland"
      }
    ],
    [
      {
        "type": "BIOME_DICT",
        "negate": false,
        "value": "overworld"
      },
      {
        "type": "BIOME_DICT",
        "negate": false,
        "value": "snowy"
      },
      {
        "type": "BIOME_DICT",
        "negate": false,
        "value": "forest"
      }
    ],
    [
      {
        "type": "REGISTRY_NAME",
        "negate": false,
        "value": "biomesoplenty:tundra_bog"
      }
    ]
  ]
}